,Video,Views,Yesterday,Publication year
0,Crazy Frog - Axel F (Official Video),5259308420,1758327,
1,The Gummy Bear Song - Long English Version,3676936911,563518,
2,Numb (Official Music Video) [4K UPGRADE] – Linkin Park,2514264449,293125,
3,50 Cent - In Da Club (Official Music Video),2389599113,858322,
4,Guns N' Roses - November Rain,2290700796,450049,
5,Eminem - Without Me (Official Music Video),2207240144,638619,
6,In The End [Official HD Music Video] - Linkin Park,2035947397,663374,
7,Nirvana - Smells Like Teen Spirit (Official Music Video),2008694137,536892,
8,Lady Gaga - Bad Romance (Official Music Video),1950960777,340473,
9,Queen – Bohemian Rhapsody (Official Video Remastered),1936928033,363262,
10,Michael Jackson - Billie Jean (Official Video),1867566886,565475,
11,Guns N' Roses - Sweet Child O' Mine (Official Music Video),1778409319,534997,
12,Nelly - Dilemma (Official Music Video) ft. Kelly Rowland,1723486997,273698,
13,The Cranberries - Zombie (Official Music Video),1697202792,362911,
14,Beyoncé - Halo,1692838814,336640,
15,Taylor Swift - You Belong With Me,1689647280,221864,
16,Rick Astley - Never Gonna Give You Up (Official Music Video),1662619962,328904,
17,Shakira - Hips Don't Lie (Official 4K Video) ft. Wyclef Jean,1610238678,643610,
18,Backstreet Boys - I Want It That Way (Official HD Video),1594035861,419074,
19,Evanescence - Bring Me To Life (Official HD Music Video),1559251263,404906,
20,Cyndi Lauper - Girls Just Want To Have Fun (Official Video),1557901819,419596,
21,Lady Gaga - Poker Face (Official Music Video),1536583539,568681,
22,Metallica: Nothing Else Matters (Official Music Video),1491961792,548798,
23,Bon Jovi - It's My Life (Official Music Video),1488510703,327341,
24,System Of A Down - Chop Suey! (Official HD Video),1481766285,333346,
25,Akon - Smack That (Official Music Video) ft. Eminem,1455768378,430751,
26,Sean Kingston - Beautiful Girls (Official HD Video),1427558418,421414,
27,George Michael - Careless Whisper (Official Video),1420832842,412294,
28,Audioslave - Like a Stone (Official Video),1361301405,401168,
29,Osito Gominola - Full Spanish Version - The Gummy Bear Song,1353895524,151901,
30,Europe - The Final Countdown (Official Video),1323358102,273657,
31,Bon Jovi - Livin' On A Prayer,1311236565,370613,
32,Katy Perry - Hot N Cold (Official Music Video),1303969193,149569,
33,Amy Winehouse - Back To Black,1279917911,498189,
34,Eminem - Mockingbird [Official Music Video],1258562797,634336,
35,Red Hot Chili Peppers - Californication (Official Music Video) [HD UPGRADE],1251864445,374447,
36,Akon - Lonely (Official Music Video),1227796014,309364,
37,Dil Laga Liya - Full Video | Dil Hai Tumhaara | Preity & Arjun Rampal | Alka Yagnik & Udit Narayan,1216742987,487563,
38,Bonnie Tyler - Total Eclipse of the Heart (Turn Around) (Official Video),1213649264,349516,
39,The Black Eyed Peas - Where Is The Love? (Official Music Video),1206469515,304726,
40,Radiohead - Creep,1193679806,746004,
41,Michael Jackson - They Don’t Care About Us (Brazil Version) (Official Video),1181013345,245340,
42,The Verve - Bitter Sweet Symphony,1176619773,306397,
43,Hoobastank - The Reason (Official Music Video),1165554804,265224,
44,No Doubt - Don't Speak (Official 4K Music Video),1165265998,314198,
45,Rihanna - Umbrella (Orange Version) (Official Music Video) ft. JAY-Z,1164489591,279432,
46,Nelly Furtado - Say It Right (Official Music Video),1154498698,387749,
47,Scorpions - Wind Of Change (Official Music Video),1153743342,161661,
48,Ricardo Arjona - Historia De Taxi (Video),1142591766,374177,
49,Survivor - Eye Of The Tiger (Official HD Video),1113739834,245121,
50,La Oreja de Van Gogh - Rosas (Vídeo Oficial),1097076852,761543,
51,Bon Jovi - Always (Official Music Video),1084958528,218835,
52,Britney Spears - ...Baby One More Time (Official Video),1072373872,286846,
53,Miley Cyrus - Party In The U.S.A. (Official Video),1066591311,228413,
54,50 Cent - Candy Shop (Official Music Video) ft. Olivia,1061578598,263826,
55,Michael Jackson - Thriller (Official 4K Video),1057108561,162225,
56,"Eurythmics, Annie Lennox, Dave Stewart - Sweet Dreams (Are Made Of This) (Official Video)",1056731718,333924,
57,System Of A Down - Toxicity (Official HD Video),1055529150,350366,
58,Akon - Right Now (Na Na Na) (Official Video),1042726100,433944,
59,Eminem - When I'm Gone (Official Music Video),1040644836,100245,
60,Evanescence - My Immortal (Official HD Music Video),1034058582,193298,
61,Beyoncé - Single Ladies (Put a Ring on It) (Video Version),1022927247,113262,
62,Madonna - La Isla Bonita (Official Video),1018800767,413721,
63,Wham! - Last Christmas (Official Video),1006361900,41230,
64,ABBA - Dancing Queen (Official Music Video),994065232,305491,
65,Coldplay - Viva La Vida (Official Video),982241462,222882,
66,3 Doors Down - Here Without You (Official Music Video),975104787,245620,
67,Bryan Adams - Please Forgive Me (Official Music Video),964767180,303561,
68,The Pussycat Dolls - Buttons (Official Music Video) ft. Snoop Dogg,948634392,274286,
69,Whitney Houston - I Have Nothing (Official HD Video),941785711,261953,
70,Queen - Don't Stop Me Now (Official Video),935470835,166412,
71,The Black Eyed Peas - Pump It (Official Music Video),928163177,158890,
72,M.C. Hammer - U Can't Touch This,916419649,147039,
73,Shakira - La Tortura (Official HD Video) ft. Alejandro Sanz,912111495,176319,
74,Carlos Baute - Colgando en tus manos (con Marta Sanchez),904706010,203762,
75,The Black Eyed Peas - My Humps,895114044,275483,
76,Roxette - It Must Have Been Love (Official Music Video),891641399,247877,
77,Beyoncé - Crazy In Love ft. JAY Z,880395248,265833,
78,Alicia Keys - No One (Official Music Video),874588989,187016,
79,Jason Mraz - I'm Yours (Official Video) [4K Remaster],873054650,137770,
80,James Blunt - You're Beautiful (Official Music Video) [4K],870658201,234464,
81,Guns N' Roses - Paradise City (Official Music Video),867910373,181647,
82,Imran Khan - Amplifier (Official Music Video),865566199,319658,
83,"Luis Miguel - ""Ahora te puedes marchar"" (Video Oficial)",852003073,301274,
84,"Dr. Dre - The Next Episode (Official Music Video) ft. Snoop Dogg, Kurupt, Nate Dogg",850620028,240284,
85,The Black Eyed Peas - I Gotta Feeling (Official Music Video),847997506,295534,
86,Toni Braxton - Un-Break My Heart (Official HD Video),842633549,126518,
87,"Shakira - Whenever, Wherever (Official HD Video)",842436892,144574,
88,Culture Club - Karma Chameleon (Official Music Video),840888384,183081,
89,Maroon 5 - She Will Be Loved (Official Music Video),835882594,128078,
90,Bee Gees - Stayin' Alive (Official Video),835118142,209637,
91,Guns N' Roses - Patience,832355710,126060,
92,Keane - Somewhere Only We Know (Official Music Video),830553893,438484,
93,Guns N' Roses - Don't Cry,830523523,203089,
94,Bryan Adams - (Everything I Do) I Do It For You,822471741,577897,
95,Extreme - More Than Words (Official Music Video),817143467,173697,
96,Mariah Carey - All I Want For Christmas Is You (Official Video),816314921,8561,
97,Justin Bieber - One Time (Official Music Video),813612725,94228,
98,"Modern Talking - You're My Heart, You're My Soul (Official Video)",811126346,160250,
99,Timbaland - Apologize ft. OneRepublic,800583890,278696,
100,Mary J. Blige - Family Affair (Official Music Video),797075162,547077,
101,Modern Talking - Cheri Cheri Lady (Official Video),794296882,433946,
102,Eminem - Stan (Long Version) ft. Dido,791235682,205353,
103,Taylor Swift - Love Story,785604258,93161,
104,Chris Brown - With You (Official HD Video),763858136,186751,
105,Outkast - Hey Ya! (Official HD Video),755707663,98087,
106,Rihanna - Take A Bow,752309355,328527,
107,"Timbaland - The Way I Are ft. Keri Hilson, D.O.E., Sebastian",748118280,356351,
108,The White Stripes - Seven Nation Army (Official Music Video),746744710,212541,
109,Rihanna - Don't Stop The Music,745665516,158807,
110,"50 Cent - P.I.M.P. (Snoop Dogg Remix) ft. Snoop Dogg, G-Unit",729773473,170416,
111,Akon - Don't Matter (Official Music Video),729535323,275597,
112,Ke$ha - TiK ToK (Official HD Video),725954457,100188,
113,Britney Spears - Toxic (Official HD Video),723543321,143856,
114,Mariah Carey - We Belong Together (Official Music Video),721237754,163562,
115,Aerosmith - Crazy (Official Music Video),709581201,92288,
116,What I've Done (Official Music Video) [4K Upgrade] - Linkin Park,706755167,251569,
117,Bee Gees - How Deep Is Your Love (Official Video),694734087,301125,
118,Al Final (Video Oficial) - Lilly Goodman,693613954,160114,
119,Edward Maya & Vika Jigulina - Stereo Love (Official Music Video),689942536,231294,
120,Avril Lavigne - Girlfriend (Official Video),689888719,72339,
121,Nelly Furtado - Promiscuous (Official Music Video) ft. Timbaland,689739485,204042,
122,Spice Girls - Wannabe (Official Music Video),684890322,89858,
123,Camila - Mientes (Video),679841591,185868,
124,50 Cent - 21 Questions (Official Music Video) ft. Nate Dogg,676132083,184255,
125,Richard Marx - Right Here Waiting (Official Music Video),667991355,240005,
126,Queen - Another One Bites the Dust (Official Video),665509719,116508,
127,Lil Wayne - Lollipop (Official Music Video) ft. Static,664410507,227585,
128,The Calling - Wherever You Will Go (First Video- in Tijuana),661507395,157445,
129,The Duck Song,661133097,77088,
130,New Divide (Official Music Video) [4K Upgrade] - Linkin Park,651463756,140026,
131,Eros Ramazzotti - La Cosa Mas Bella (Più Bella Cosa) (Official Video),650845058,170001,
132,Queen - We Will Rock You (Official Video),641809876,92298,
133,Guns N' Roses - Welcome To The Jungle,638098642,162160,
134,Aventura - El Perdedor,637640035,185436,
135,Beyoncé - If I Were A Boy,628280669,61061,
136,Café Tacvba - Eres (Video Oficial),628171654,176570,
137,Don Omar - Salio El Sol,627895528,215772,
138,Shaggy - Angel ft. Rayvon,622774640,209839,
139,La Factoria - Perdoname ft. Eddy Lover,620708351,93879,
140,Nirvana - Come As You Are (Official Music Video),619914784,242518,
141,Nuki Nuki (The Nuki Song) Full Version - Gummibär the Gummy Bear,618535773,64663,
142,Vanilla Ice - Ice Ice Baby (Official Music Video),618362460,173922,
143,Son By Four - A Puro Dolor (Video),618039864,297036,
144,"Beyoncé, Shakira - Beautiful Liar",615840246,114342,
145,Soulja Boy Tell'em - Crank That (Soulja Boy) (Official Music Video),615109503,119791,
146,50 Cent - Many Men (Wish Death) (Dirty Version),609757302,158510,
147,Kylie Minogue - Can't Get You Out Of My Head (Official Video),607827318,321219,
148,Kelly Clarkson - Because Of You (VIDEO),606430045,100062,
149,50 Cent - Just A Lil Bit,604076296,147647,
150,Ne-Yo - Miss Independent,603815429,143892,
151,Michael Jackson - Remember The Time (Official Video),602904629,124736,
152,Eminem - Sing For The Moment (Official Music Video),601750140,166028,
153,Foo Fighters - The Pretender,600092916,77108,
154,"Christina Aguilera, Lil' Kim, Mya, P!nk - Lady Marmalade",598331029,109729,
155,The Killers - Mr. Brightside (Official Music Video),597602808,110199,
156,Nirvana - The Man Who Sold The World (MTV Unplugged),597559752,177877,
157,Don Omar - Virtual Diva,596939726,164422,
158,Kings Of Leon - Sex on Fire (Official Video),592839143,141471,
159,Oasis - Wonderwall (Official Video),592248828,170483,
160,Green Day - 21 Guns [Official Music Video],591846662,158263,
161,Slipknot - Psychosocial [OFFICIAL VIDEO] [HD],587273594,177318,
162,Blondie - Heart Of Glass,584626282,194520,
163,Nickelback - How You Remind Me,583340878,45189,
164,Enrique Iglesias - Hero,581528158,115992,
165,Owl City - Fireflies (Official Music Video),581452373,120922,
166,The Pussycat Dolls - Don't Cha (Official Music Video) ft. Busta Rhymes,574841238,181918,
167,Lou Bega - Mambo No. 5 (A Little Bit of...),572935829,98235,
168,Ricky Martin - Livin' La Vida Loca (Official Video),572312274,131058,
169,Beyoncé - Irreplaceable,568787204,112641,
170,Cyndi Lauper - Time After Time (Official HD Video),567090840,95281,
171,Queen - I Want To Break Free (Official Video),566776460,38515,
172,ABBA - Gimme! Gimme! Gimme! (A Man After Midnight),566090845,340282,
173,Justin Timberlake - Cry Me A River (Official Video),565114973,104935,
174,Daft Punk - One More Time (Official Video),562475693,117760,
175,Christina Aguilera - Pero Me Acuerdo De Tí (Video Oficial),562009742,126916,
176,Enrique Iglesias - Nunca Te Olvidaré (Official Music Video),561474990,176934,
177,Sean Paul - I'm Still In Love With You (Official Video),560098039,268916,
178,Avril Lavigne - When You're Gone (Official Video),559429223,56886,
179,Paramore: Decode [OFFICIAL VIDEO],558777426,145225,
180,Julieta Venegas - Me Voy (Video Stereo),551051781,256878,
181,Crazy Frog - We Are The Champions (Official Video),549497875,94450,
182,Aventura - La Boda,543804884,117454,
183,*NSYNC - Bye Bye Bye (Official Video),543060334,213085,
184,Thalia - Equivocada (Live Version),538655216,90543,
185,Madonna - Hung Up (Official Video) [HD],537659456,130748,
186,"Akon - Beautiful (Official Music Video) ft. Colby O'Donis, Kardinal Offishall",536777726,216586,
187,Reyli Barba - Amor del Bueno (Video),533969215,93514,
188,Je m'appelle Funny Bear - Full French Version - Gummy Bear Song,533573284,8574,
189,The Cranberries - Linger (Official Music Video),533152399,155871,
190,Sting - Desert Rose,532869744,169442,
191,Smash Mouth - All Star,529386449,89159,
192,Wham! - Wake Me Up Before You Go-Go (Official Video),527489011,121983,
193,Faint (Official Music Video) [4K UPGRADE] – Linkin Park,525886263,189977,
194,Savage Garden - Truly Madly Deeply,520332700,162903,
195,Miley Cyrus - The Climb,518506386,74160,
196,The Black Eyed Peas - Boom Boom Pow (Official Music Video),516849989,81405,
197,Rihanna - Rehab (Official Music Video) ft. Justin Timberlake,516279953,101905,
198,Mariah Carey - Without You (Official HD Music Video),516188040,154763,
199,Akon - I Wanna Love You ft. Snoop Dogg,512902460,152006,
200,3 Doors Down - Kryptonite (Official Video),511473378,157005,
201,Whitney Houston - I Wanna Dance With Somebody (Official 4K Video),508110386,169151,
202,Michael Jackson - Black Or White (Official Video - Shortened Version),507988460,85848,
203,Bloodhound Gang - The Bad Touch,507862708,95874,
204,System Of A Down - Aerials (Official HD Video),507567460,162086,
205,Michael Jackson - Bad (Shortened Version),507505856,86067,
206,Kanye West - Stronger,507402656,86922,
207,Selena - Amor Prohibido,502783986,290674,
208,Michael Jackson - The Way You Make Me Feel (Official Video),501118111,76641,
209,"Luis Fonsi - Aqui Estoy Yo ft. Aleks Syntek, Noel Schajris, David Bisbal",501093570,50702,
210,What Goes Around...Comes Around (Official Video),498666525,76903,
211,System Of A Down - B.Y.O.B. (Official HD Video),496044288,101392,
212,Britney Spears - Oops!...I Did It Again (Official HD Video),494822131,107117,
213,Skillet - Monster (Official Video),493178926,180612,
214,Marc Anthony - Ahora Quien (Salsa Version),492967428,167631,
215,Rihanna - Unfaithful (Official Music Video),491740368,50948,
216,Calle 13 - Atrevete te te (Explicit),489042765,139767,
217,Depeche Mode - Enjoy the Silence (Remastered),485202253,181028,
218,Chayanne - Un Siglo Sin Ti (Vídeo Oficial),484397315,91145,
219,Fantasia - When I See U,483367882,198883,
220,"Eminem - You Don't Know (Official Music Video) ft. 50 Cent, Cashis, Lloyd Banks",483271780,64797,
221,Shania Twain - Man! I Feel Like A Woman! (Official Music Video),482910226,154835,
222,Michael Jackson - Earth Song (Official Video),482372533,116999,
223,Lady Gaga - Just Dance (Official Music Video) ft. Colby O'Donis,480890726,94889,
224,Eminem - Like Toy Soldiers (Official Music Video),479950624,49441,
225,"Jordin Sparks, Chris Brown - No Air (Official Video) ft. Chris Brown",478677910,89455,
226,Rod Stewart - Have You Ever Seen The Rain (Official Video),476509379,193909,
227,Eminem - Beautiful (Official Music Video),476187920,32051,
228,Flo Rida - Low (feat. T-Pain) [from Step Up 2 The Streets O.S.T. / Mail On Sunday] (Official Video),473426416,369378,
229,"Kasam Khake Kaho | Dil Hai Tumhaara | Preity Zinta Arjun & Mahima | Alka Yagnik, Kumar Sanu",470761202,377472,
230,Roxette - Listen To Your Heart (Official Music Video),470604159,59437,
231,P!nk - So What (Official Video),470558329,51037,
232,Metallica - The Unforgiven (Official Music Video),469434183,50467,
233,Bryan Adams - Heaven,468075824,168837,
234,t.A.T.u. - All The Things She Said (Official Music Video),468024033,125468,
235,blink-182 - I Miss You (Official Video),463300181,111854,
236,Belanova - Rosa Pastel,461047239,236728,
237,Andy & Lucas - Tanto La Queria (Videoclip),460442257,146296,
238,La 5a Estación - El Sol No Regresa,452516275,167378,
239,The Script - The Man Who Can’t Be Moved (Official Video),450404747,81801,
240,Dido - Thank You (Official Video),449508028,164389,
241,Slipknot - Duality [OFFICIAL VIDEO] [HD],448617731,116841,
242,Crawling [Official HD Music Video] - Linkin Park,445230798,73541,
243,Eminem - Cleanin' Out My Closet (Official Music Video),443930934,104348,
244,Vanessa Carlton - A Thousand Miles,443861354,129785,
245,Sean Paul - Temperature (Official Video),443366361,132570,
246,Modern Talking - Brother Louie (Official Video),442642495,94603,
247,Justin Bieber - One Less Lonely Girl,441535941,37941,
248,Bruce Springsteen - Dancing In the Dark (Official Video),440826691,129429,
249,Michael Jackson - Don't Stop 'Til You Get Enough (Official Video - Upscaled),437225848,106371,
250,Chayanne - Dejaría Todo,433976959,63947,
251,"Akon - Sorry, Blame It On Me (Official Music Video)",433928834,52132,
252,Reik - Yo Quisiera (Video),433301375,154797,
253,Fergie - Big Girls Don't Cry (Personal) (Official Music Video),433075178,116886,
254,Chris Brown - Kiss Kiss (Feat. T-Pain) (Official HD Video) ft. T-Pain,431763985,97039,
255,Destiny's Child - Say My Name (Official Video),429866207,113379,
256,Red Hot Chili Peppers - Can't Stop [Official Music Video],427663965,140760,
257,Three Days Grace - I Hate Everything About You (Official Video),426191876,106341,
258,Scorpions - Send Me An Angel,423225111,140300,
259,Amy Winehouse - You Know I'm No Good,422775536,51144,
260,Panic! At The Disco: I Write Sins Not Tragedies [OFFICIAL VIDEO],421380754,59681,
261,Michael Jackson - Rock With You (Official Video - Upscaled),419238640,136429,
262,Mariah Carey - Hero (Official HD Video),418736702,80481,
263,"Keri Hilson - Knock You Down (Official Music Video) ft. Kanye West, Ne-Yo",416793034,99457,
264,Bon Jovi - You Give Love A Bad Name,416305054,83147,
265,Ne-Yo - So Sick (Official Music Video),415053874,182288,
266,T-Pain - Bartender (Official HD Video) ft. Akon,414186812,159396,
267,System Of A Down - Lonely Day (Official HD Video),413686854,139252,
268,Somewhere I Belong (Official Music Video) [4K UPGRADE] – Linkin Park,412538836,227347,
269,"Blackstreet - No Diggity (Official Music Video) ft. Dr. Dre, Queen Pen",412263966,101231,
270,Jay Sean - Down ft. Lil Wayne (Official Music Video) ft. Lil Wayne,407493814,93336,
271,The Black Eyed Peas - Shut Up,406490529,120137,
272,Mariah Carey - Always Be My Baby (Official Music Video),406444697,123247,
273,Britney Spears - Womanizer (Director's Cut) (Official HD Video),406443699,68685,
274,Creed - One Last Breath (Official HD Music Video),406181740,226859,
275,"Drake, Kanye West, Lil Wayne, Eminem - Forever (Explicit Version) (Official Music Video)",404137113,47513,
276,Seether - Broken ft. Amy Lee,403650742,96532,
277,Leona Lewis - Bleeding Love (US Version - Official Video),402663031,67922,
278,Rihanna - Hate That I Love You ft. Ne-Yo,402339497,61043,
279,Aventura - Los Infieles,402280245,104768,
280,Sean Paul - Give It Up To Me (feat. Keyshia Cole) [Disney Version] (Official Video),400508859,87030,
281,blink-182 - All The Small Things (Official Music Video),397981276,85834,
282,Bon Jovi - Bed Of Roses (Official Music Video),397777056,114878,
283,Vicente Fernández - Por Tu Maldito Amor,397373984,101515,
284,"Train - Hey, Soul Sister (Official Video)",396634957,72711,
285,Snow Patrol - Chasing Cars (Official Video),394905847,89467,
286,Britney Spears - Gimme More (Official HD Video),394441128,130090,
287,Michael Jackson - You Are Not Alone (Official Video),393874713,74978,
288,Marc Anthony - Valio La Pena (Salsa Version),393712192,40652,
289,Warren G - Regulate (Official Music Video) ft. Nate Dogg,393258238,113352,
290,Westlife - My Love (Official Video),390625936,85045,
291,Modern Talking - Brother Louie '98 (Official Video - New Version),389622409,347753,
292,Outkast - Ms. Jackson (Official HD Video),388773650,106334,
293,Breaking the Habit (Official Music Video) [HD UPGRADE] – Linkin Park,387247324,91705,
294,"The Game, 50 Cent - Hate It Or Love It (Official Music Video)",387098038,146569,
295,Chris Brown - Forever (Official HD Video),386815942,105389,
296,Red Hot Chili Peppers - Dani California [Official Music Video],386218026,87711,
297,Gnarls Barkley - Crazy (Official Video) [4K Remaster],386120895,182722,
298,Amy Winehouse - Rehab,384741062,53276,
299,Kanye West - Gold Digger ft. Jamie Foxx,384711051,80174,
300,Thalia - No Me Enseñaste (Official Video),384507883,138369,
301,Hinder - Lips Of An Angel (Official Music Video),383448709,134225,
302,Green Day - Basket Case [Official Music Video] (4K Upgrade),383086374,101513,
303,Usher - Burn (Official Music Video),381889218,76949,
304,Selena Gomez & The Scene - Naturally,380976612,19315,
305,Britney Spears - Sometimes (Official HD Video),375802963,131959,
306,Juanes - Es Por Ti,375775539,205604,
307,"Shakira - Te Aviso, Te Anuncio (Official HD Video)",374139169,64287,
308,Alicia Keys - If I Ain't Got You (Official HD Video),373007435,69035,
309,My Chemical Romance - Welcome To The Black Parade [Official Music Video] [HD],372531423,120418,
310,Young Money - Bed Rock (Official Music Video),370742700,67255,
311,Reik - Noviembre Sin Ti (Video),370063548,154931,
312,Jason Derulo - Whatcha Say [Official Music Video],368509424,86509,
313,Shania Twain - From This Moment On,365288295,73937,
314,Korn - Freak On a Leash (Official HD Video),364440744,136196,
315,Bryan Adams - (Everything I Do) I Do It For You - Live 2009,363347896,16984,
316,Céline Dion - That's The Way It Is (Official HD Video),362951802,112900,
317,Alicia Keys - Fallin' (Official HD Video),362542912,77854,
318,Red Hot Chili Peppers - Snow (Hey Oh) (Official Music Video),362210742,94176,
319,"Mariah Carey, Boyz II Men - One Sweet Day (Official Video)",360666036,89178,
320,The Pussycat Dolls - Stickwitu (Official Music Video) ft. Avant,360556786,145946,
321,Shakira - She Wolf (Official HD Video),359842767,24606,
322,Counting Crows - Mr. Jones (Official Music Video),358819688,119281,
323,Maroon 5 - This Love,358279631,106113,
324,Alien Ant Farm - Smooth Criminal (Official Music Video),357938304,99145,
325,Mary J. Blige - Be Without You (Official Music Video),356855013,123845,
326,K-Ci & JoJo - All My Life (Official Music Video),356393059,101125,
327,Nickelback - Rockstar [OFFICIAL VIDEO],355285017,63743,
328,Snoop Dogg - Drop It Like It's Hot (Official Music Video) ft. Pharrell Williams,354436253,116068,
329,Train - Drops of Jupiter (Official Video),354348188,86298,
330,Aerosmith - Cryin' (Official Music Video),353013817,57461,
331,Kool & The Gang - Celebration,352977318,98912,
332,Metallica: One (Official Music Video),352697580,99724,
333,Madonna - Like A Prayer (Official Video),352160904,156771,
334,*NSYNC - This I Promise You (Official Video),352096027,126991,
335,Pitbull - Hotel Room Service (Official Video),351986252,43319,
336,Soulja Boy Tell'em - Kiss Me Thru The Phone ft. Sammie,351346607,157185,
337,Kings Of Leon - Use Somebody (Official Video),349180382,42931,
338,Limp Bizkit - Rollin' (Air Raid Vehicle),348083139,152940,
339,Kardinal Offishall - Dangerous ft. Akon (Official Music Video),348035815,140770,
340,Village People - YMCA (OFFICIAL Music Video 1978),346251926,63911,
341,Sin Bandera - Que Lloro (Video),345738675,171844,
342,Eiffel 65 - Blue (Da Ba Dee) [Gabry Ponte Ice Pop Mix] (Original Video with subtitles),343067028,91886,
343,Aventura - Por Un Segundo,342529515,35567,
344,50 Cent - Ayo Technology (Official Music Video) ft. Justin Timberlake,342189501,156072,
345,Pose - Daddy Yankee (Official Cartel version),342016510,110543,
346,T.I. - Live Your Life ft. Rihanna [Official Video],341530866,87045,
347,Ciara - Like A Boy (Official Video),341331782,67787,
348,Basshunter - Now You're Gone | Ministry of Sound,340960709,58750,
349,Franco de Vita - Tú De Que Vas (Video Oficial),340583319,82951,
350,Foo Fighters - Everlong (Official HD Video),340293311,110095,
351,Armin van Buuren feat. Sharon den Adel - In And Out Of Love (Official Music Video),339734493,89161,
352,ABBA - Mamma Mia (Official Music Video),338162912,102261,
353,Lady Gaga - Paparazzi (Official Music Video),338045206,47368,
354,Girls' Generation 소녀시대 'Gee' MV,337903146,39290,
355,Boyz II Men - End Of The Road,337249030,109937,
356,T-Pain - Buy U A Drank (Shawty Snappin') (Official HD Video) ft. Yung Joc,336867921,164123,
357,Rod Stewart - Da Ya Think I'm Sexy? (Official Video) [HD],335934750,106604,
358,Marilyn Manson - Sweet Dreams (Are Made Of This) (Alt. Version),335172824,73651,
359,Natalie Imbruglia - Torn (Official Video),334935881,75842,
360,The Fray - How to Save a Life (Official Video),332287968,65116,
361,Chris Brown - Say Goodbye (Official HD Video),332282023,86939,
362,Luis Fonsi - No Me Doy Por Vencido,332238225,55204,
363,Creed - My Sacrifice,330976548,108594,
364,Usher - U Got It Bad (Official Video),330757263,57956,
365,U2 - With Or Without You (Official Video),330190915,28893,
366,Ja Rule - Always On Time (Official Music Video) ft. Ashanti,328582483,153251,
367,Shakira - Loba (Official HD Video),326874983,85424,
368,Keane - Everybody's Changing (Alternate Version),326069492,58738,
369,"Ciara - 1, 2 Step (Official Video) ft. Missy Elliott",325617532,83403,
370,Papercut [Official HD Music Video] - Linkin Park,325599066,123369,
371,Replay (Prequel) [Music Video] - Iyaz,324994802,53440,
372,Queen - Radio Ga Ga (Official Video),324932995,43363,
373,Shania Twain - You’re Still The One (Official Music Video),324695471,112977,
374,Bacilos - Caraluna (Official Music Video),323133386,199833,
375,David Guetta Feat. Akon - Sexy Chick (Official Video),322476378,174310,
376,Oasis - Don't Look Back In Anger (Official Video),321690524,85566,
377,Dido - White Flag (Official Video),321616595,95799,
378,Aventura - Su Veneno (Version Bachata),321495957,64296,
379,Camila - Coleccionista De Canciones (Official Video),320122851,84673,
380,Red Hot Chili Peppers - Under The Bridge [Official Music Video],319833897,88247,
381,Eminem - Lose Yourself,319392081,425118,
382,Jamiroquai - Virtual Insanity (Official Video),318746980,111139,
383,Lenny Kravitz - Again (Official Music Video),318482546,62246,
384,Jennifer Lopez - All I Have (Official HD Video) ft. LL Cool J,318029462,102229,
385,Eminem - Just Lose It (Official Music Video),317409249,37530,
386,Shakira - Las de la Intuición (Official HD Video),315784947,108537,
387,Kid Cudi - Pursuit Of Happiness (Official Music Video) ft. MGMT,315096968,53840,
388,Bon Jovi - I'll Be There For You,313992509,77998,
389,Eve - Let Me Blow Ya Mind (Official Music Video) ft. Gwen Stefani,313769617,96211,
390,Alice Cooper - Poison,313714487,59822,
391,Tina Turner - What's Love Got To Do With It (Official Music Video) [HD Upgrade],312445406,112092,
392,Katy Perry - I Kissed A Girl (Official Music Video),312170040,59612,
393,Justin Timberlake - SexyBack (Official Video) ft. Timbaland,311568581,52144,
394,M.I.A. - Paper Planes,311509682,111137,
395,Aerosmith - Amazing (Official Music Video),310656353,64151,
396,Bee Gees - Too Much Heaven (Official Video),310242754,76262,
397,Tony Dize - El Doctorado [Official Video],310124869,116157,
398,Enya - Only Time (Official 4K Music Video),309576009,87854,
399,Christina Aguilera - Genie In A Bottle (Official Video),309314880,138544,
400,Meat Loaf - I'd Do Anything For Love (But I Won't Do That) (Official Music Video),308836475,84044,
401,"Queen - Killer Queen (Top Of The Pops, 1974)",308369390,48156,
402,Mariah Carey - Obsessed (Official Music Video),307774545,163011,
403,Slipknot - Before I Forget [OFFICIAL VIDEO] [HD],307316147,74318,
404,Grupo Revelação - Tá Escrito (Ao Vivo no Morro),307200500,59378,
405,O Sahiba O Sahiba Full Video - Dil Hai Tumhaara | Preity Zinta & Arjun Rampal | Sonu Nigam,306972387,120785,
406,The Cranberries - Dreams (Dir: Peter Scammell) (Official Music Video),304852489,95857,
407,"Ja Rule - Wonderful ft. R. Kelly, Ashanti",304791692,74280,
408,Three Days Grace - Never Too Late,304537578,51427,
409,"Daddy Yankee ""Llamado De Emergencia"" Soundtrack Talento de Barrio © El Cartel Records",304257186,74992,
410,Evanescence - Going Under (Official HD Music Video),303501875,72610,
411,Marco Antonio Solís - O Me Voy O Te Vas,302995550,74903,
412,Darude - Sandstorm,302457379,48980,
413,Afroman - Because I Got High (Clean Version),302037592,58759,
414,Nirvana - Lithium (Official Music Video),300869120,78763,
415,Gwen Stefani - Hollaback Girl (Official Music Video),300568788,56612,
416,Camila - Todo Cambio (Official Video),300244240,60576,
417,Enrique Iglesias - Takin' Back My Love feat. Ciara,300115814,88940,
418,Paramore: Misery Business [OFFICIAL VIDEO],299799417,62633,
419,Leona Lewis - Better in Time (Official Video),299599201,75543,
420,Ne-Yo - Because Of You (Official Music Video),298814890,49188,
421,Fergie - Glamorous ft. Ludacris,296373680,75380,
422,Michael Jackson - You Rock My World (Official Video),296295188,67237,
423,Muse - Uprising [Official Video],295758955,57109,
424,Maroon 5 - Won't Go Home Without You (Official Music Video),295715572,45085,
425,Christina Aguilera - Candyman (Official Video),295627744,39982,
426,Marilyn Manson - The Beautiful People,295307415,53944,
427,"Luis Miguel - ""La Incondicional"" (Video Oficial)",295236283,172913,
428,Ja Rule - Mesmerize ft. Ashanti (Official Music Video) ft. Ashanti,293880511,53052,
429,Papa Roach - Last Resort (Squeaky Clean Version) (Official Music Video),293184260,166093,
430,Fergie - Fergalicious,292931388,45857,
431,Whitney Houston - I Look to You (Official HD Video),292883666,48062,
432,Miley Cyrus - 7 Things,292730302,8947,
433,Rihanna - Russian Roulette,292422251,11291,
434,Chayanne - Y Tú Te Vas,292065355,99010,
435,Pitbull - I Know You Want Me (Calle Ocho) (Official Video) [Ultra Records],291930671,5897,
436,The Black Eyed Peas - Let's Get It Started,291786126,67532,
437,The Game - My Life ft. Lil Wayne (Official Music Video),290255266,35433,
438,Eros Ramazzotti - Otra Como Tu (Un'Altra Te) (Official Video),289927319,251671,
439,Savage Garden - I Knew I Loved You (Official Video),289093113,111176,
440,ABBA - Chiquitita (Official Music Video),288629722,100378,
441,"Luis Miguel - ""La Bikina"" (Video Oficial)",288607951,70669,
442,Ne-Yo - Mad (Official Music Video),288324967,47981,
443,Christina Aguilera - Hurt (Official Video),288083934,31986,
444,Guns N' Roses - Estranged,288026437,66387,
445,Bryan Adams - Summer Of '69 (Official Music Video),287553764,171248,
446,Selena - No Me Queda Mas,286909704,70348,
447,Tina Turner - The Best (Official Music Video) [HD Upgrade],286608154,227326,
448,Sin Bandera - Entra En Mi Vida (Official Video),286298746,83767,
449,Estelle - American Boy [Feat. Kanye West] [Video],285800829,82408,
450,Mariah Carey - My All (Official HD Video),285726793,104182,
451,Flo Rida - Right Round (feat. Ke$ha) (Official Video),285399657,194249,
452,Chris Brown - Gimme That Remix (Official HD Video) ft. Lil Wayne,285091404,104761,
453,Gummibär - CHO KA KA O - French music video,285008062,7527,
454,Michael Jackson - Heal The World (Official Video),284372463,76309,
455,Queen - We Are The Champions (Official Video),284047146,36594,
456,Westlife - If I Let You Go (Official Video),283773654,116822,
457,DMX - X Gon' Give It To Ya,282240732,76699,
458,Three Days Grace - Animal I Have Become,281637959,131410,
459,"Destiny's Child - Soldier ft. T.I., Lil' Wayne",281059731,83026,
460,Alanis Morissette - Ironic (Official 4K Music Video),280598076,84800,
461,Nirvana - Heart-Shaped Box,280080062,67285,
462,Laura Pausini - En Cambio No (Official Music Video),279660001,96209,
463,LMFAO - Shots ft. Lil Jon,279504889,11198,
464,50 Cent - Window Shopper (Official Music Video),279472293,60137,
465,Eminem - My Name Is (Official Music Video),278808176,27552,
466,Michael Jackson - Thriller (Official Video - Shortened Version),278676444,79396,
467,Franco de Vita - Si la Ves (Official Video),277670068,60273,
468,Billy Joel - Piano Man (Official HD Video),277575618,74592,
469,Juanes - La Camisa Negra,273898957,99440,
470,Usher - Love in This Club (Official Music Video) ft. Young Jeezy,272995186,74023,
471,"Jay Sean - Do You Remember ft. Sean Paul, Lil Jon",272865426,128414,
472,Michael Bublé - Feeling Good [Official 4K Remastered Music Video],271735770,61508,
473,Foo Fighters - Best Of You (Official HD Video),271646621,36197,
474,Daniel Powter - Bad Day (Official Music Video) [HD],270949575,34981,
475,Bullet For My Valentine - Tears Don't Fall (Official Video),270308748,47275,
476,Enrique Iglesias - Lloro Por Ti - Remix (Closed-Captioned) ft. Wisin & Yandel,270259318,94278,
477,T.I. - Whatever You Like [Official Video],270131436,16578,
478,Leave Out All The Rest (Official Music Video) [4K Upgrade] - Linkin Park,269113522,76555,
479,Europe - Carrie (Official Video),268983778,82103,
480,David Guetta Feat. Kelly Rowland - When Love Takes Over (Official Video),268956890,75822,
481,The Pussycat Dolls - When I Grow Up (Official Music Video),268821022,22856,
482,Arcangel - Por Amar A Ciegas (ArcangelLaMaraviLLa.NeT),268646260,46944,
483,Madonna - Frozen (Official Video) [HD],267857551,93703,
484,Empire Of The Sun - Walking On A Dream (Official Music Video),267532712,112374,
485,Midnight Oil - Beds Are Burning,267198201,69557,
486,Jeremih - Birthday Sex,266723890,44354,
487,Sean Paul - Get Busy/Like Glue (Official Video),266142256,83513,
488,Audioslave - Be Yourself (Album Version),266063480,50014,
489,Simple Plan - Perfect (Official Video) [HD],265627555,75323,
490,Snoop Dogg - Beautiful (Official Music Video) ft. Pharrell Williams,264472595,81922,
491,"A.R. Rahman, The Pussycat Dolls - Jai Ho (You Are My Destiny) ft. Nicole Scherzinger",264438746,39740,
492,Céline Dion - A New Day Has Come (Official HD Video),264122798,57421,
493,Beyoncé - Diva,263991248,70002,
494,Disturbed - Down With The Sickness (Official Music Video) [HD UPGRADE],263716483,128923,
495,Limp Bizkit - Break Stuff (Official Music Video),262706822,112167,
496,Breaking Benjamin - The Diary of Jane,262532966,163904,
497,Leonard Cohen - Hallelujah (Official Live in London 2008),262528054,34723,
498,Staind - It's Been Awhile (Official Video),262172649,119136,
499,La Ley - Mentira (Video Oficial),262065280,54771,
